--xjurca07, xmanda03

-- smazani tabulek

DROP TABLE MULTIKINO CASCADE CONSTRAINT;
DROP TABLE PROMITACI_SAL CASCADE CONSTRAINT;
DROP TABLE SEDADLO CASCADE CONSTRAINT;
DROP TABLE PROJEKCE CASCADE CONSTRAINT;
DROP TABLE REZERVACE CASCADE CONSTRAINT;
DROP TABLE VSTUPENKA CASCADE CONSTRAINT;
DROP TABLE FILM CASCADE CONSTRAINT;
DROP TABLE SLEVA CASCADE CONSTRAINT;
DROP TABLE POKLADNI CASCADE CONSTRAINT;


-- vytvoreni tabulek
CREATE TABLE MULTIKINO (
	ID INTEGER NOT NULL,
	NAZEV VARCHAR(50),
	ULICE VARCHAR(50),
	CISLO_POPISNE INTEGER,
	MESTO VARCHAR(30),
	PSC INTEGER,
	ID_SALU INTEGER NOT NULL,
	CONSTRAINT PK_ID PRIMARY KEY (ID)
);

CREATE TABLE PROMITACI_SAL (
	ID_SALU INTEGER NOT NULL,
	NAZEV VARCHAR(50),
	ID_SEDADLO INTEGER NOT NULL,
	PROJEKCE INTEGER NOT NULL,
	CONSTRAINT PK_ID_SALU PRIMARY KEY (ID_SALU)
);

CREATE TABLE SEDADLO (
	ID_SEDADLA INTEGER NOT NULL,
	RADA INTEGER NOT NULL,
	SEDADLO INTEGER NOT NULL,
	REZERVACE VARCHAR(50),
	CONSTRAINT PK_ID_SEDADLA PRIMARY KEY (ID_SEDADLA)
);

CREATE TABLE PROJEKCE (
	ID_PROJEKCE INTEGER NOT NULL,
	DATUM DATE NOT NULL,
	CAS DATE NOT NULL,
	TYP_PROJEKCE VARCHAR(30) NOT NULL,
	POKLADNI CHAR(8) NOT NULL,
	FILM INTEGER NOT NULL,
	CONSTRAINT PK_ID_PROJEKCE PRIMARY KEY (ID_PROJEKCE)
);

CREATE TABLE REZERVACE (
	EMAIL VARCHAR(50) NOT NULL,
	JMENO VARCHAR(50) NOT NULL,
	PRIJMENI VARCHAR(50) NOT NULL,
	PROJEKCE INTEGER NOT NULL,
	CONSTRAINT PK_EMAIL PRIMARY KEY (EMAIL)
);	

CREATE TABLE VSTUPENKA (
	ID_VSTUPENKY INTEGER NOT NULL,
	CENA INTEGER NOT NULL,
	SLEVA INTEGER NOT NULL,
	PROJEKCE INTEGER NOT NULL,
	SEDADLO INTEGER NOT NULL,
	CONSTRAINT PK_ID_VSTUPENKY PRIMARY KEY (ID_VSTUPENKY)
);

CREATE TABLE SLEVA (
	ID_SLEVA INTEGER NOT NULL,
	TYP_SLEVY VARCHAR(30) NOT NULL,
	CONSTRAINT PK_ID_SLEVA PRIMARY KEY (ID_SLEVA)
); 

CREATE TABLE FILM (
	ID_FILMU INTEGER NOT NULL,
	NAZEV VARCHAR(300) NOT NULL,
	ZANR VARCHAR(50) NOT NULL,
	REZISER VARCHAR(30) NOT NULL,
	ROK_NATOCENI INTEGER NOT NULL,
	ZEME_PUVODU  VARCHAR(30) NOT NULL,
	POKLADNI CHAR(8) NOT NULL,
	CONSTRAINT PK_ID_FILMU PRIMARY KEY (ID_FILMU)
);

CREATE TABLE POKLADNI (
	LOGIN CHAR(8) NOT NULL,
	HESLO CHAR(8) NOT NULL,
	JMENO VARCHAR(30) NOT NULL,
	PRIJMENI VARCHAR(30) NOT NULL,
	ADRESA VARCHAR(50),
	VEDOUCI CHAR(1),
	CONSTRAINT PK_LOGIN PRIMARY KEY (LOGIN)
);	


-- vytvoreni cizich klicu 
ALTER TABLE MULTIKINO ADD CONSTRAINT FK_MULTIKINO_SAL FOREIGN KEY (ID_SALU) REFERENCES PROMITACI_SAL ;
ALTER TABLE PROMITACI_SAL ADD CONSTRAINT FK_SAL_PROJEKCE FOREIGN KEY (PROJEKCE) REFERENCES PROJEKCE ;
ALTER TABLE PROMITACI_SAL ADD CONSTRAINT FK_SAL_SEDADLO FOREIGN KEY (ID_SEDADLO) REFERENCES SEDADLO ;
ALTER TABLE SEDADLO ADD CONSTRAINT FK_REZERVACE FOREIGN KEY (REZERVACE) REFERENCES REZERVACE ;
ALTER TABLE REZERVACE ADD CONSTRAINT FK_REZ_PROJEKCE FOREIGN KEY (PROJEKCE) REFERENCES PROJEKCE ;
ALTER TABLE PROJEKCE ADD CONSTRAINT FK_POKLADNI_PROJEKCE FOREIGN KEY (POKLADNI) REFERENCES POKLADNI ;
ALTER TABLE PROJEKCE ADD CONSTRAINT FK_FILM_PROJEKCE FOREIGN KEY (FILM) REFERENCES FILM ;
ALTER TABLE VSTUPENKA ADD CONSTRAINT FK_VSTUPENKA_PROJEKCE FOREIGN KEY (PROJEKCE) REFERENCES PROJEKCE ;
ALTER TABLE VSTUPENKA ADD CONSTRAINT FK_VSTUPENKA_SEDADLO FOREIGN KEY (SEDADLO) REFERENCES SEDADLO ;
ALTER TABLE VSTUPENKA ADD CONSTRAINT FK_VSTUPENKA_SLEVA FOREIGN KEY (SLEVA) REFERENCES SLEVA ;
ALTER TABLE FILM ADD CONSTRAINT FK_FILM_POKLADNI FOREIGN KEY (POKLADNI) REFERENCES POKLADNI ;


INSERT INTO SLEVA (ID_SLEVA, TYP_SLEVY) VALUES (1,'student');
INSERT INTO SLEVA (ID_SLEVA, TYP_SLEVY) VALUES (2,'duchodce');
INSERT INTO SLEVA (ID_SLEVA, TYP_SLEVY) VALUES (3,'dopoledni promitani');

INSERT INTO POKLADNI (LOGIN, HESLO, JMENO, PRIJMENI, ADRESA, VEDOUCI) VALUES ('xnovak00','drf3i78w','Lucie','Novakova','Zlin 78','F');
INSERT INTO POKLADNI (LOGIN, HESLO, JMENO, PRIJMENI, ADRESA, VEDOUCI) VALUES ('xcerna00','aewr8pfg','Marie','Cerna','Zlin 97','T');

INSERT INTO FILM (ID_FILMU, NAZEV, ZANR, REZISER, ROK_NATOCENI, ZEME_PUVODU, POKLADNI) VALUES (89764,'Iron Man','Akcni / Dobrodruzny / Sci-Fi','Jon Favreau',2008,'USA','xnovak00');
INSERT INTO FILM (ID_FILMU, NAZEV, ZANR, REZISER, ROK_NATOCENI, ZEME_PUVODU, POKLADNI) VALUES (324646,'Vykoupení z veznice Shawshank','Drama/Krimi','Frank Darabont',1994,'USA','xnovak00');
INSERT INTO FILM (ID_FILMU, NAZEV, ZANR, REZISER, ROK_NATOCENI, ZEME_PUVODU, POKLADNI) VALUES (3113,'Pan prstenu: Spolecenstvo Prstenu','Fantasy / Dobrodruzny / Akcni','Peter Jackson',2001,'USA / Novy Zeland','xcerna00');

INSERT INTO PROJEKCE (ID_PROJEKCE, DATUM, CAS, TYP_PROJEKCE, POKLADNI, FILM) VALUES (4848,TO_DATE('2014/11/14','YYYY/MM/DD'),TO_DATE('13:15:42','HH24:MI:SS'),'rano','xnovak00',89764);
INSERT INTO PROJEKCE (ID_PROJEKCE, DATUM, CAS, TYP_PROJEKCE, POKLADNI, FILM) VALUES (79,TO_DATE('2014/10/15','YYYY/MM/DD'),TO_DATE('15:15:42','HH24:MI:SS'),'odpoledne','xnovak00',3113);

INSERT INTO REZERVACE (EMAIL, JMENO, PRIJMENI, PROJEKCE) VALUES ('KingOfNorth@westeros.if','Robb','Stark',4848);
INSERT INTO REZERVACE (EMAIL, JMENO, PRIJMENI, PROJEKCE) VALUES ('KingOfWesteros@westeros.if','Jon','Snow',79);
INSERT INTO REZERVACE (EMAIL, JMENO, PRIJMENI, PROJEKCE) VALUES ('Dracarys@westeros.if','Daenerys','Targaryen',4848);

INSERT INTO SEDADLO (ID_SEDADLA, RADA, SEDADLO, REZERVACE) VALUES (100,1,7,'KingOfNorth@westeros.if');
INSERT INTO SEDADLO (ID_SEDADLA, RADA, SEDADLO, REZERVACE) VALUES (101,1,8,'KingOfNorth@westeros.if');
INSERT INTO SEDADLO (ID_SEDADLA, RADA, SEDADLO, REZERVACE) VALUES (102,1,9,'KingOfNorth@westeros.if');

INSERT INTO VSTUPENKA (ID_VSTUPENKY, CENA, SLEVA, PROJEKCE, SEDADLO) VALUES (7,150,1,4848,100);
INSERT INTO VSTUPENKA (ID_VSTUPENKY, CENA, SLEVA, PROJEKCE, SEDADLO) VALUES (56,200,2,79,101);
INSERT INTO VSTUPENKA (ID_VSTUPENKY, CENA, SLEVA, PROJEKCE, SEDADLO) VALUES (42,250,3,4848,102);

INSERT INTO PROMITACI_SAL (ID_SALU, NAZEV, ID_SEDADLO, PROJEKCE) VALUES (1,'A',100,4848);
INSERT INTO PROMITACI_SAL (ID_SALU, NAZEV, ID_SEDADLO, PROJEKCE) VALUES (2,'B',101,79);
INSERT INTO PROMITACI_SAL (ID_SALU, NAZEV, ID_SEDADLO, PROJEKCE) VALUES (3,'C',102,4848);

INSERT INTO MULTIKINO (ID, NAZEV, ULICE, CISLO_POPISNE, MESTO, PSC, ID_SALU) VALUES (0,'Golden Apple Cinema','nam. Miru',174,'Zlin',76001,1);
INSERT INTO MULTIKINO (ID, NAZEV, ULICE, CISLO_POPISNE, MESTO, PSC, ID_SALU) VALUES (1,'Golden Apple Cinema','nam. Miru',174,'Zlin',76001,2);
INSERT INTO MULTIKINO (ID, NAZEV, ULICE, CISLO_POPISNE, MESTO, PSC, ID_SALU) VALUES (2,'Golden Apple Cinema','nam. Miru',174,'Zlin',76001,3);


--POTVRZENI ZMEN
COMMIT;

SELECT * FROM MULTIKINO;
SELECT * FROM PROMITACI_SAL;
SELECT * FROM SEDADLO;
SELECT * FROM PROJEKCE;
SELECT * FROM REZERVACE;
SELECT * FROM VSTUPENKA;
SELECT * FROM FILM;
SELECT * FROM SLEVA;
SELECT * FROM POKLADNI;


-- TODO LIST
