--xjurca07, xmanda03

-- smazani tabulek

DROP TABLE MULTIKINO CASCADE CONSTRAINT;
DROP TABLE PROMITACI_SAL CASCADE CONSTRAINT;
DROP TABLE SEDADLO CASCADE CONSTRAINT;
DROP TABLE PROJEKCE CASCADE CONSTRAINT;
DROP TABLE REZERVACE CASCADE CONSTRAINT;
DROP TABLE VSTUPENKA CASCADE CONSTRAINT;
DROP TABLE FILM CASCADE CONSTRAINT;
DROP TABLE SLEVA CASCADE CONSTRAINT;
DROP TABLE POKLADNI CASCADE CONSTRAINT;
DROP TABLE REZERVACE_NA CASCADE CONSTRAINT;
DROP VIEW FILM_VIEW;
DROP VIEW PROJ_VIEW;
DROP VIEW REZERV;
DROP VIEW SED_PROJ;
DROP VIEW VOL_SEDADLA;
DROP VIEW NEREZ_SEDADLA;
DROP SEQUENCE seq_rezervace;
DROP SEQUENCE seq_film;
DROP SEQUENCE seq_projekce;
DROP SEQUENCE seq_vstupenka;




-- vytvoreni tabulek
CREATE TABLE MULTIKINO (
	ID_M INTEGER NOT NULL,
	NAZEV_M VARCHAR(50),
	ULICE VARCHAR(50),
	CISLO_POPISNE INTEGER,
	MESTO VARCHAR(30),
	PSC INTEGER,
	--ID_SALU INTEGER NOT NULL,
	CONSTRAINT PK_ID PRIMARY KEY (ID_M)
);

CREATE TABLE PROMITACI_SAL (
	ID_SALU INTEGER NOT NULL,
	NAZEV_S VARCHAR(50),
	ID_M INTEGER NOT NULL,	
	CONSTRAINT PK_ID_SALU PRIMARY KEY (ID_SALU)
);

CREATE TABLE SEDADLO (
	ID_SEDADLA INTEGER NOT NULL,
	RADA INTEGER NOT NULL,
	SEDADLO INTEGER NOT NULL,
	ID_SALU INTEGER NOT NULL,
	CONSTRAINT PK_ID_SEDADLA PRIMARY KEY (ID_SEDADLA)
);

CREATE TABLE PROJEKCE (
	ID_PROJEKCE INTEGER NOT NULL,
	DATUM DATE NOT NULL,
	TYP_PROJEKCE VARCHAR(30) NOT NULL,
	ID_POKLADNI CHAR(8) NOT NULL,
	ID_FILMU INTEGER NOT NULL,
	ID_SALU INTEGER NOT NULL,
	CONSTRAINT PK_ID_PROJEKCE PRIMARY KEY (ID_PROJEKCE)
);

CREATE TABLE REZERVACE (
	ID_REZERVACE INTEGER NOT NULL,
	EMAIL VARCHAR(50) NOT NULL,
	JMENO VARCHAR(50) NOT NULL,
	PRIJMENI VARCHAR(50) NOT NULL,
	PROJEKCE INTEGER NOT NULL,
	ID_SEDADLA INTEGER NOT NULL,
	CONSTRAINT PK_ID_REZERVACE PRIMARY KEY (ID_REZERVACE)
);	

CREATE TABLE VSTUPENKA (
	ID_VSTUPENKY INTEGER NOT NULL,
	CENA INTEGER NOT NULL,
	SLEVA INTEGER ,
	PROJEKCE INTEGER NOT NULL,
	ID_SEDADLA INTEGER NOT NULL,
	CONSTRAINT PK_ID_VSTUPENKY PRIMARY KEY (ID_VSTUPENKY)
);

CREATE TABLE SLEVA (
	ID_SLEVA INTEGER NOT NULL,
	TYP_SLEVY VARCHAR(30) NOT NULL,
	CONSTRAINT PK_ID_SLEVA PRIMARY KEY (ID_SLEVA)
); 

CREATE TABLE FILM (
	ID_FILMU INTEGER NOT NULL,
	NAZEV_FILMU VARCHAR(300) NOT NULL,
	ZANR VARCHAR(50) NOT NULL,
	REZISER VARCHAR(30) NOT NULL,
	ROK_NATOCENI INTEGER NOT NULL,
	ZEME_PUVODU  VARCHAR(30) NOT NULL,
	ID_POKLADNI CHAR(8) NOT NULL,
	CONSTRAINT PK_ID_FILMU PRIMARY KEY (ID_FILMU)
);

CREATE TABLE POKLADNI (
	ID_POKLADNI CHAR(8) NOT NULL,
	HESLO VARCHAR2(20) NOT NULL,
	JMENO VARCHAR(30) NOT NULL,
	PRIJMENI VARCHAR(30) NOT NULL,
	ADRESA VARCHAR(50),
	VEDOUCI CHAR(1),
	CONSTRAINT PK_ID_POKLADNI PRIMARY KEY (ID_POKLADNI)
);	




-- vytvoreni cizich klicu 
ALTER TABLE PROMITACI_SAL ADD CONSTRAINT FK_SAL_MULTIKINO FOREIGN KEY (ID_M) REFERENCES MULTIKINO ;
ALTER TABLE SEDADLO ADD CONSTRAINT FK_SAL_SEDADLO FOREIGN KEY (ID_SALU) REFERENCES PROMITACI_SAL ;
ALTER TABLE REZERVACE ADD CONSTRAINT FK_REZ_PROJEKCE FOREIGN KEY (PROJEKCE) REFERENCES PROJEKCE ;
ALTER TABLE PROJEKCE ADD CONSTRAINT FK_PROJ_SAL FOREIGN KEY (ID_SALU) REFERENCES PROMITACI_SAL;
ALTER TABLE PROJEKCE ADD CONSTRAINT FK_POKLADNI_PROJEKCE FOREIGN KEY (ID_POKLADNI) REFERENCES POKLADNI ;
ALTER TABLE PROJEKCE ADD CONSTRAINT FK_FILM_PROJEKCE FOREIGN KEY (ID_FILMU) REFERENCES FILM ;
ALTER TABLE VSTUPENKA ADD CONSTRAINT FK_VSTUPENKA_PROJEKCE FOREIGN KEY (PROJEKCE) REFERENCES PROJEKCE ;
ALTER TABLE VSTUPENKA ADD CONSTRAINT FK_VSTUPENKA_SEDADLO FOREIGN KEY (ID_SEDADLA) REFERENCES SEDADLO ;
ALTER TABLE VSTUPENKA ADD CONSTRAINT FK_VSTUPENKA_SLEVA FOREIGN KEY (SLEVA) REFERENCES SLEVA ;
ALTER TABLE FILM ADD CONSTRAINT FK_FILM_POKLADNI FOREIGN KEY (ID_POKLADNI) REFERENCES POKLADNI ;


CREATE TABLE REZERVACE_NA (
	ID_REZERVACE,
	ID_SEDADLA,
	CONSTRAINT FK_REZERVACE_NA FOREIGN KEY (ID_REZERVACE) REFERENCES REZERVACE,
	CONSTRAINT FK_REZERVACE_NA1 FOREIGN KEY (ID_SEDADLA) REFERENCES SEDADLO,
	PRIMARY KEY(ID_REZERVACE,ID_SEDADLA)
);


-- vkladani hodnot do tabulek

INSERT INTO SLEVA (ID_SLEVA, TYP_SLEVY) VALUES (1,'student');
INSERT INTO SLEVA (ID_SLEVA, TYP_SLEVY) VALUES (2,'duchodce');
INSERT INTO SLEVA (ID_SLEVA, TYP_SLEVY) VALUES (0,'zadna');

INSERT INTO POKLADNI (ID_POKLADNI, HESLO, JMENO, PRIJMENI, ADRESA, VEDOUCI) VALUES ('xnovak00','AHOJ','Lucie','Novakova','Zlin 78','T');
INSERT INTO POKLADNI (ID_POKLADNI, HESLO, JMENO, PRIJMENI, ADRESA, VEDOUCI) VALUES ('xcerna00','aewr8pfg','Marie','Cerna','Zlin 97','T');
INSERT INTO POKLADNI (ID_POKLADNI, HESLO, JMENO, PRIJMENI, ADRESA, VEDOUCI) VALUES ('xkubic16','cau','Jana','Kubickova','Zlin 97','F');

INSERT INTO FILM (ID_FILMU, NAZEV_FILMU, ZANR, REZISER, ROK_NATOCENI, ZEME_PUVODU, ID_POKLADNI) VALUES (1,'Iron Man','Akcni / Dobrodruzny / Sci-Fi','Jon Favreau',2008,'USA','xcerna00');
INSERT INTO FILM (ID_FILMU, NAZEV_FILMU, ZANR, REZISER, ROK_NATOCENI, ZEME_PUVODU, ID_POKLADNI) VALUES (2,'Vykoupeni z veznice Shawshank','Drama/Krimi','Frank Darabont',1994,'USA','xnovak00');
INSERT INTO FILM (ID_FILMU, NAZEV_FILMU, ZANR, REZISER, ROK_NATOCENI, ZEME_PUVODU, ID_POKLADNI) VALUES (3,'Pan prstenu: Spolecenstvo Prstenu','Fantasy / Dobrodruzny / Akcni','Peter Jackson',2001,'USA / Novy Zeland','xcerna00');


INSERT INTO MULTIKINO (ID_M, NAZEV_M, ULICE, CISLO_POPISNE, MESTO, PSC) VALUES (1,'Golden Apple Cinema','nam. Miru',174,'Zlin',76001);
INSERT INTO MULTIKINO (ID_M, NAZEV_M, ULICE, CISLO_POPISNE, MESTO, PSC) VALUES (2,'Velky Spalicek','Mecova',2,'Brno',60200);
INSERT INTO MULTIKINO (ID_M, NAZEV_M, ULICE, CISLO_POPISNE, MESTO, PSC) VALUES (3,'Cinema City Flora','Vinohradska',151,'Praha 3',10000);


INSERT INTO PROMITACI_SAL (ID_SALU, NAZEV_S, ID_M) VALUES (1,'A',1);
INSERT INTO PROMITACI_SAL (ID_SALU, NAZEV_S, ID_M) VALUES (2,'B',1);
INSERT INTO PROMITACI_SAL (ID_SALU, NAZEV_S, ID_M) VALUES (3,'I',2);
INSERT INTO PROMITACI_SAL (ID_SALU, NAZEV_S, ID_M) VALUES (4,'II',2);
INSERT INTO PROMITACI_SAL (ID_SALU, NAZEV_S, ID_M) VALUES (5,'Velky',3);
INSERT INTO PROMITACI_SAL (ID_SALU, NAZEV_S, ID_M) VALUES (6,'Maly',3);

--prvni sal projekce
INSERT INTO PROJEKCE (ID_PROJEKCE, DATUM,  TYP_PROJEKCE, ID_POKLADNI, ID_FILMU, ID_SALU) VALUES (1,TO_DATE('2014/11/13 20:00:00','YYYY/MM/DD HH24:MI:SS'),'animovana','xnovak00',1,1);
INSERT INTO PROJEKCE (ID_PROJEKCE, DATUM,  TYP_PROJEKCE, ID_POKLADNI, ID_FILMU, ID_SALU) VALUES (2,TO_DATE('2014/10/15 20:00:00','YYYY/MM/DD HH24:MI:SS'),'2D','xnovak00',3,1);
INSERT INTO PROJEKCE (ID_PROJEKCE, DATUM,  TYP_PROJEKCE, ID_POKLADNI, ID_FILMU, ID_SALU) VALUES (3,TO_DATE('2014/10/16 20:00:00','YYYY/MM/DD HH24:MI:SS'),'3D','xnovak00',2,1);
INSERT INTO PROJEKCE (ID_PROJEKCE, DATUM,  TYP_PROJEKCE, ID_POKLADNI, ID_FILMU, ID_SALU) VALUES (10,TO_DATE('2014/11/14 20:00:00','YYYY/MM/DD HH24:MI:SS'),'animovana','xnovak00',1,1);

--  treti sal
INSERT INTO PROJEKCE (ID_PROJEKCE, DATUM,  TYP_PROJEKCE, ID_POKLADNI, ID_FILMU, ID_SALU) VALUES (4,TO_DATE('2014/11/13 20:00:00','YYYY/MM/DD HH24:MI:SS'),'animovana','xnovak00',1,3);
INSERT INTO PROJEKCE (ID_PROJEKCE, DATUM,  TYP_PROJEKCE, ID_POKLADNI, ID_FILMU, ID_SALU) VALUES (5,TO_DATE('2014/10/15 20:00:00','YYYY/MM/DD HH24:MI:SS'),'2D','xnovak00',3,3);
INSERT INTO PROJEKCE (ID_PROJEKCE, DATUM,  TYP_PROJEKCE, ID_POKLADNI, ID_FILMU, ID_SALU) VALUES (6,TO_DATE('2014/10/16 20:00:00','YYYY/MM/DD HH24:MI:SS'),'3D','xnovak00',2,3);

--  sesty sal
INSERT INTO PROJEKCE (ID_PROJEKCE, DATUM,  TYP_PROJEKCE, ID_POKLADNI, ID_FILMU, ID_SALU) VALUES (7,TO_DATE('2014/11/13 20:00:00','YYYY/MM/DD HH24:MI:SS'),'animovana','xnovak00',1,6);
INSERT INTO PROJEKCE (ID_PROJEKCE, DATUM,  TYP_PROJEKCE, ID_POKLADNI, ID_FILMU, ID_SALU) VALUES (8,TO_DATE('2014/10/15 20:00:00','YYYY/MM/DD HH24:MI:SS'),'2D','xnovak00',3,6);
INSERT INTO PROJEKCE (ID_PROJEKCE, DATUM,  TYP_PROJEKCE, ID_POKLADNI, ID_FILMU, ID_SALU) VALUES (9,TO_DATE('2014/10/16 20:00:00','YYYY/MM/DD HH24:MI:SS'),'3D','xnovak00',2,6);




INSERT INTO SEDADLO (ID_SEDADLA, RADA, SEDADLO, ID_SALU) VALUES (100,1,1,1);
INSERT INTO SEDADLO (ID_SEDADLA, RADA, SEDADLO, ID_SALU) VALUES (101,1,2,1);
INSERT INTO SEDADLO (ID_SEDADLA, RADA, SEDADLO, ID_SALU) VALUES (102,1,3,2);
INSERT INTO SEDADLO (ID_SEDADLA, RADA, SEDADLO, ID_SALU) VALUES (103,1,1,2);
INSERT INTO SEDADLO (ID_SEDADLA, RADA, SEDADLO, ID_SALU) VALUES (104,1,2,3);
INSERT INTO SEDADLO (ID_SEDADLA, RADA, SEDADLO, ID_SALU) VALUES (105,1,3,3);
INSERT INTO SEDADLO (ID_SEDADLA, RADA, SEDADLO, ID_SALU) VALUES (106,1,4,4);
INSERT INTO SEDADLO (ID_SEDADLA, RADA, SEDADLO, ID_SALU) VALUES (107,1,1,4);
INSERT INTO SEDADLO (ID_SEDADLA, RADA, SEDADLO, ID_SALU) VALUES (108,1,1,5);
INSERT INTO SEDADLO (ID_SEDADLA, RADA, SEDADLO, ID_SALU) VALUES (109,1,1,5);
INSERT INTO SEDADLO (ID_SEDADLA, RADA, SEDADLO, ID_SALU) VALUES (110,1,1,6);
INSERT INTO SEDADLO (ID_SEDADLA, RADA, SEDADLO, ID_SALU) VALUES (111,1,1,6);

INSERT INTO REZERVACE (ID_REZERVACE, EMAIL, JMENO, PRIJMENI, PROJEKCE, ID_SEDADLA) VALUES (1,'KingOfNorth@westeros.if','Robb','Stark',1, 100);
INSERT INTO REZERVACE (ID_REZERVACE, EMAIL, JMENO, PRIJMENI, PROJEKCE, ID_SEDADLA) VALUES (2,'KingOfWesteros@westeros.if','Jon','Snow',1, 101);
INSERT INTO REZERVACE (ID_REZERVACE, EMAIL, JMENO, PRIJMENI, PROJEKCE, ID_SEDADLA) VALUES (3,'Dracarys@westeros.if','Daenerys','Targaryen',5, 104);

INSERT INTO REZERVACE_NA (ID_REZERVACE, ID_SEDADLA) VALUES (1,100);
INSERT INTO REZERVACE_NA (ID_REZERVACE, ID_SEDADLA) VALUES (2,101);
INSERT INTO REZERVACE_NA (ID_REZERVACE, ID_SEDADLA) VALUES (3,104);


INSERT INTO VSTUPENKA (ID_VSTUPENKY, CENA, SLEVA, PROJEKCE, ID_SEDADLA) VALUES (1,150,1,1,100);
INSERT INTO VSTUPENKA (ID_VSTUPENKY, CENA, SLEVA, PROJEKCE, ID_SEDADLA) VALUES (2,200,2,2,101);
INSERT INTO VSTUPENKA (ID_VSTUPENKY, CENA, SLEVA, PROJEKCE, ID_SEDADLA) VALUES (3,250,0,4,104);

--POHLED NA SPOJENI SEDADEL A PROJEKCI (JAKE SEDADLA LZE REZERVOVAT NEBO KOUPIT VSTUPENKU NA PROJEKCI)
CREATE VIEW SED_PROJ AS
	SELECT DISTINCT ID_SEDADLA, RADA, SEDADLO , ID_PROJEKCE
	FROM PROMITACI_SAL NATURAL JOIN PROJEKCE NATURAL JOIN  SEDADLO 
	ORDER BY ID_SEDADLA
WITH CHECK OPTION;


--REZERVOVANA SEDADLA
CREATE VIEW REZERV AS
	SELECT * 
	FROM SEDADLO NATURAL LEFT JOIN REZERVACE_NA NATURAL JOIN REZERVACE
	ORDER BY ID_SEDADLA
WITH CHECK OPTION; 



--prehled filmu v multikine
CREATE VIEW FILM_VIEW AS 
	SELECT DISTINCT M.ID_M, NAZEV_M, F.ID_FILMU, NAZEV_FILMU
	FROM MULTIKINO M, PROMITACI_SAL PS, PROJEKCE P, FILM F
	WHERE M.ID_M = PS.ID_M AND PS.ID_SALU = P.ID_SALU AND  F.ID_FILMU = P.ID_FILMU
WITH CHECK OPTION;



CREATE VIEW PROJ_VIEW AS 
	SELECT M.ID_M, PS.ID_SALU, ID_PROJEKCE, DATUM,  TYP_PROJEKCE, P.ID_POKLADNI, F.ID_FILMU 
	FROM MULTIKINO M, PROMITACI_SAL PS, PROJEKCE P, FILM F
	WHERE M.ID_M = PS.ID_M AND PS.ID_SALU = P.ID_SALU AND  F.ID_FILMU = P.ID_FILMU
WITH CHECK OPTION;

CREATE VIEW VOL_SEDADLA AS
	SELECT DISTINCT *
	FROM SED_PROJ S
	WHERE NOT EXISTS ( SELECT * FROM REZERV R WHERE S.ID_SEDADLA =R.ID_SEDADLA AND S.ID_PROJEKCE = R.PROJEKCE) AND NOT EXISTS ( SELECT * FROM VSTUPENKA V WHERE S.ID_SEDADLA =V.ID_SEDADLA AND S.ID_PROJEKCE = V.PROJEKCE)
WITH CHECK OPTION; 

CREATE VIEW NEREZ_SEDADLA AS
	SELECT DISTINCT *
	FROM SED_PROJ S
	WHERE NOT EXISTS ( SELECT * FROM REZERV R WHERE S.ID_SEDADLA =R.ID_SEDADLA AND S.ID_PROJEKCE = R.PROJEKCE) AND NOT EXISTS ( SELECT * FROM VSTUPENKA V WHERE S.ID_SEDADLA =V.ID_SEDADLA AND S.ID_PROJEKCE = V.PROJEKCE)
WITH CHECK OPTION;


CREATE SEQUENCE seq_rezervace
	start with 4
	increment by 1;

CREATE SEQUENCE seq_film
	start with 4
	increment by 1;

CREATE SEQUENCE seq_projekce
	start with 10
	increment by 1;

CREATE SEQUENCE seq_vstupenka
	start with 4
	increment by 1;

--procedura
create or replace procedure smaz_film(id_filmu integer)
	is
	begin
		delete from film  where film.id_filmu = smaz_film.id_filmu;
	end;
/ 

create or replace procedure smaz_projekci(id_projekce integer)
	is
	begin
		delete from projekce where projekce.id_projekce = smaz_projekci.id_projekce;
	end;
/

create or replace procedure smaz_vstupenku(id_vstupenky integer)
	is
	begin
		delete from vstupenka  where vstupenka.ID_VSTUPENKY = smaz_vstupenku.id_vstupenky;
	end;
/ 

--trigger
create or replace trigger smaz_projekce_filmu
	before delete
	on film
	for each row
	declare

	begin
		delete from projekce where :old.id_filmu = projekce.id_filmu;
	end;
/

create or replace trigger smaz_vstupenky_projekce
	before delete
	on projekce
	for each row
	begin
		delete from vstupenka where vstupenka.projekce = :old.id_projekce;

	end;
/

create or replace trigger smaz_rezervace_projekce
	before delete
	on projekce
	for each row
	begin
		delete from rezervace where rezervace.projekce = :old.id_projekce;
	end;
/

create or replace trigger smaz_rezervacena
	before delete
	on rezervace
	for each row
	begin
		delete from rezervace_na where rezervace_na.id_rezervace = :old.id_rezervace;
	end;
/


--index
create index rezervace_index on rezervace (email);

--pridany prava
GRANT ALL ON MULTIKINO TO xjurca07;
GRANT ALL ON PROMITACI_SAL TO xjurca07;
GRANT ALL ON SEDADLO TO xjurca07;
GRANT ALL ON PROJEKCE TO xjurca07;
GRANT ALL ON VSTUPENKA TO xjurca07;
GRANT ALL ON SLEVA TO xjurca07;
GRANT ALL ON FILM TO xjurca07;
GRANT ALL ON POKLADNI TO xjurca07;
GRANT ALL ON REZERVACE TO xjurca07;
GRANT ALL ON REZERVACE_NA TO xjurca07;


COMMIT;
